ram_used,ram_ava,cpu,temp
484444,6010772,22.6,53.556
499356,5982596,40.0,54.53
505812,5973916,62.5,55.504
504192,5974924,58.5,55.991
505952,5973160,61.2,55.991
506216,5972892,57.1,55.504
506044,5973040,59.4,55.991
505304,5973780,60.9,55.504
505288,5973796,59.1,55.991
505028,5973544,60.9,56.965
505280,5973292,60.0,56.478
505028,5973544,60.9,57.452
505280,5973292,59.7,57.452
505232,5979704,60.9,58.426
505368,5979568,60.3,57.939
505520,5979416,60.3,57.939
503744,5981192,60.3,57.452
505384,5979552,59.7,57.939
506156,5978780,61.9,57.939
506088,5978920,59.7,58.426
507424,5978920,60.9,58.426
507424,5978920,60.3,58.426
507172,5979172,59.7,57.452
506164,5980180,59.7,58.913
506268,5980076,60.3,58.426
504384,5980936,60.6,58.913
504636,5980684,61.5,57.939
504172,5981084,60.6,58.426
504320,5980936,58.1,59.887
504572,5980684,61.9,59.887
504572,5980684,60.9,59.4
504572,5980684,60.3,59.887
503196,5982060,60.3,59.887
502680,5982576,60.0,59.4
502920,5982336,60.3,60.374
502656,5982600,59.7,60.374
504672,5980584,60.0,61.348
504424,5980832,60.3,59.887
505452,5980684,60.0,60.861
505548,5980580,61.5,60.374
505584,5980684,61.5,60.374
505684,5980580,60.3,60.374
505572,5980684,60.3,59.887
504052,5982196,60.3,60.374
505576,5980684,59.4,60.861
505324,5980936,61.5,60.374
506584,5979676,60.9,60.861
506436,5979824,60.3,61.835
505148,5981108,59.7,61.348
503756,5982480,60.0,59.887
503836,5982376,61.5,60.861
504020,5982192,60.9,60.861
503928,5982268,59.7,61.348
503784,5982416,61.2,61.835
505040,5981156,59.4,60.861
505044,5981156,60.3,61.835
505300,5980904,60.0,61.348
505436,5980752,59.7,60.861
505420,5979760,60.9,61.348
505420,5979760,60.3,61.348
504680,5980500,60.9,61.348
504664,5980516,60.6,60.861
504532,5980648,60.9,61.348
504916,5980260,58.2,61.835
504796,5980376,61.2,62.322
505032,5980136,60.3,61.835
504764,5980400,59.7,61.348
505532,5979628,59.4,63.296
504524,5980648,60.3,62.322
504420,5980752,60.9,62.322
504404,5980768,60.0,61.835
504152,5981020,60.9,62.322
503644,5981524,58.5,62.809
504404,5980768,60.3,61.835
504152,5981020,60.9,62.322
504420,5980768,60.3,62.322
505192,5981020,58.7,63.296
505464,5980768,60.6,62.809
505212,5981020,60.3,61.835
506488,5979744,61.5,61.348
506488,5979744,59.4,62.809
506724,5979508,62.1,63.296
506476,5979760,61.5,61.835
506476,5979760,60.3,62.809
506596,5979640,61.5,62.322
505340,5980900,60.9,61.835
505976,5980264,60.3,61.835
507480,5978752,60.3,62.809
507228,5979004,59.7,63.296
506216,5980012,60.0,62.322
507724,5978500,60.6,63.783
507228,5979004,60.9,61.835
506708,5978500,60.9,63.783
505968,5979240,60.3,63.296
505956,5979256,59.7,63.783
505960,5979256,61.5,65.244
505712,5979508,61.5,63.296
505968,5979256,61.5,62.809
505720,5979508,59.7,62.809
506204,5979004,60.9,62.809
505948,5979256,60.7,62.809
506732,5978484,60.9,63.296
506476,5978736,60.0,64.27
505968,5979240,61.3,63.783
505712,5979492,60.3,63.296
505204,5979996,59.7,63.783
506216,5979004,60.3,63.296
505692,5980412,58.7,62.809
505584,5980664,60.0,64.757
503820,5982428,59.7,64.27
503572,5982680,60.0,63.783
503468,5982784,60.9,62.809
503468,5982784,60.0,64.27
503608,5982648,59.4,63.783
503852,5982408,60.9,63.296
503588,5982672,60.9,64.27
503828,5982432,61.3,63.783
503564,5982696,61.5,64.27
503468,5982784,60.0,64.27
505232,5981020,61.5,64.27
504724,5981524,59.4,65.244
504476,5981776,61.5,64.27
504220,5982028,60.0,64.27
504580,5981672,60.9,64.757
504980,5981272,60.9,64.757
504732,5980632,60.6,63.783
504716,5980644,59.4,63.783
504712,5980644,60.9,65.244
504696,5980656,61.5,64.757
504932,5980416,59.4,65.244
504676,5980668,59.0,65.244
504464,5980768,60.0,64.27
504464,5980768,60.9,64.27
504464,5980768,60.0,63.783
505220,5980012,60.9,64.27
506732,5978500,60.6,64.27
506984,5978248,61.5,64.757
506580,5978648,60.7,63.783
505304,5983768,60.0,64.27
503684,5985384,60.3,65.244
503184,5985876,61.5,64.757
503476,5985728,60.9,64.27
503608,5985592,60.3,65.244
503144,5986060,60.9,64.757
502636,5986564,56.9,65.244
502380,5986816,60.0,65.244
502640,5986564,62.5,64.27
502492,5986712,60.3,65.244
502640,5986564,59.4,63.296
502640,5986564,61.5,64.757
502388,5986816,59.4,64.757
502640,5986564,60.7,64.27
502388,5986816,59.4,65.244
502640,5986564,59.7,64.27
502640,5986564,60.3,66.218
504656,5984548,61.9,65.244
504400,5984800,60.3,65.244
504752,5984444,61.5,64.757
504764,5983540,59.4,64.757
502996,5985304,62.7,65.244
502992,5985304,60.3,65.244
503240,5985052,60.9,65.244
502868,5985304,59.7,64.757
504628,5983540,59.4,65.244
505152,5983020,60.3,65.244
505404,5982768,60.9,65.731
503648,5984532,58.7,65.731
503648,5984532,60.9,65.244
503644,5984532,60.9,64.757
503796,5984444,60.9,65.244
503944,5984296,61.3,66.218
503944,5984296,60.3,65.731
503692,5984548,60.3,66.218
503944,5984296,60.0,66.218
503692,5984548,61.3,65.244
502684,5985556,58.0,64.27
503572,5985556,60.9,65.244
503720,5985556,59.4,64.757
502460,5986816,60.0,65.731
502208,5987068,59.4,65.244
502460,5986816,59.4,65.244
502788,5986476,61.5,66.218
502672,5986576,60.3,65.731
504684,5984560,60.6,66.218
503012,5986236,60.3,65.731
502732,5986500,60.0,66.218
502868,5986348,63.1,65.731
502952,5986260,59.4,65.731
502832,5986360,60.3,65.731
503080,5986108,59.7,65.244
504588,5984596,61.3,66.705
504704,5983588,60.0,66.218
502936,5985352,60.3,66.218
503036,5985248,60.9,66.218
502572,5985604,60.3,65.731
504332,5983840,59.4,66.218
503928,5984240,60.9,66.705
504348,5983840,59.4,66.218
504960,5983232,60.0,66.218
505608,5982580,60.9,65.244
505488,5982696,60.6,66.218
505464,5982708,60.9,65.244
505448,5982720,60.9,66.705
505432,5982732,61.9,65.731
505668,5982492,60.3,66.218
505348,5982832,60.7,65.731
505348,5982832,60.9,65.731
504964,5984240,60.9,65.731
504712,5984492,59.7,66.218
505112,5984092,61.5,65.731
503700,5985500,58.7,67.192
503336,5985856,58.1,66.705
502944,5986256,60.3,66.218
503084,5986108,60.3,66.705
502928,5986256,60.0,67.192
503068,5986108,59.1,66.218
503168,5986004,60.0,67.679
502552,5986612,61.5,66.218
502720,5986508,60.9,66.218
502928,5986304,60.9,66.705
502592,5986640,59.4,65.731
502588,5986640,60.6,66.705
502844,5986388,59.7,66.218
502592,5986640,60.9,66.705
502680,5985528,60.6,67.192
502576,5985632,59.4,67.192
504340,5983868,60.0,67.192
504604,5983616,61.5,66.218
504856,5983364,60.0,66.705
504464,5983764,60.0,67.192
504340,5983868,60.3,66.705
504096,5984120,59.4,66.218
503336,5984876,58.7,66.218
504948,5983260,61.5,66.705
503328,5984876,60.0,66.705
503324,5984876,60.9,66.705
503320,5984876,59.4,67.192
502844,5985380,60.3,67.192
503616,5985632,60.9,67.679
504120,5985128,60.9,66.705
503868,5985380,60.3,66.705
503108,5986136,58.8,66.705
503112,5986136,60.0,67.679
503108,5986136,60.0,66.705
502612,5986640,60.3,67.679
502860,5986388,59.4,67.679
502856,5986388,60.0,67.192
502960,5986284,58.7,67.679
502872,5986388,61.5,67.192
502944,5986300,60.3,67.679
502664,5986564,58.7,66.218
502548,5986664,61.5,67.192
502548,5986664,60.3,67.192
504312,5984900,60.9,66.705
504648,5984560,60.0,66.705
504796,5984408,60.0,67.192
504392,5984808,59.7,67.679
502868,5985312,60.3,67.192
502512,5985668,60.3,66.705
502528,5985668,60.9,67.192
504792,5983400,60.6,67.192
503032,5985164,61.5,67.679
502928,5985280,59.7,67.192
502912,5985292,60.3,67.192
502896,5985304,60.3,68.166
502628,5985568,59.7,67.192
503028,5985164,60.0,67.192
502656,5985532,61.3,67.679
503044,5985164,58.0,67.679
503144,5985060,59.4,67.679
503032,5985164,60.9,68.166
502912,5985312,60.0,68.166
503156,5985060,60.9,67.679
502904,5985312,60.6,67.192
502792,5985416,61.5,68.166
502772,5986320,58.6,68.653
502808,5986424,60.3,67.192
502904,5986320,60.6,68.166
502792,5986424,60.0,68.653
502792,5986424,60.6,67.192
502908,5986320,60.6,66.705
503056,5986172,60.0,68.166
503056,5986172,60.7,67.679
502804,5986424,57.5,67.192
502804,5986424,60.3,66.705
502804,5986424,60.3,68.166
503144,5986084,59.4,67.192
502776,5986436,60.9,67.192
503048,5986184,61.5,68.166
504912,5984316,60.0,68.166
504632,5983576,60.9,67.192
505356,5982832,60.0,68.166
503480,5984696,60.9,67.192
502600,5979664,64.6,67.192
503084,5979156,59.4,68.166
502924,5979320,60.0,67.192
502836,5979424,60.3,68.166
503088,5979172,61.5,67.679
502836,5979424,58.7,67.679
502580,5979676,60.0,67.192
502828,5979424,58.1,68.166
502572,5979676,59.1,68.653
502616,5979676,60.9,67.192
502616,5979676,61.5,68.166
502868,5979424,58.0,68.653
502624,5984108,58.5,67.679
502520,5983708,61.5,67.679
502284,5983944,60.0,67.679
503272,5982952,56.9,69.14
503376,5982848,59.4,68.166
503004,5983204,60.9,68.653
503128,5983068,60.0,67.679
503112,5983080,60.3,67.192
503096,5983092,60.0,67.679
502828,5983356,60.3,67.679
503080,5983100,60.0,67.679
502812,5983364,60.0,67.679
502484,5983692,58.0,68.166
502728,5983440,60.3,68.166
503060,5983100,58.5,68.166
503216,5982952,61.5,67.679
503316,5982848,59.4,68.166
503192,5981944,57.8,69.627
503048,5982092,60.3,69.14
502688,5982448,59.4,68.653
502948,5982196,60.3,69.14
502804,5982344,60.6,69.14
503060,5982092,59.0,67.679
502960,5982196,59.4,68.166
503196,5981944,60.9,68.166
502944,5982196,61.2,68.166
502944,5982196,60.3,69.14
502944,5982196,59.4,68.166
502944,5982196,60.9,69.14
504216,5980920,58.8,68.166
504220,5980920,60.0,69.627
505592,5980432,59.4,68.653
505480,5980684,61.2,68.166
505228,5980936,59.4,67.679
505224,5980936,60.0,69.14
504724,5981440,60.9,67.679
506236,5979928,60.9,68.653
507748,5978416,59.0,69.14
505980,5980180,61.5,68.653
505244,5980920,60.3,69.14
505228,5980936,60.6,68.653
505244,5980920,59.0,69.14
505496,5980684,60.0,69.14
505240,5980936,60.3,68.653
505236,5980936,59.4,68.653
505232,5980936,61.5,69.14
505256,5980936,59.4,68.653
505608,5980580,60.9,69.14
505352,5980832,59.4,69.14
505776,5980432,59.7,68.653
505376,5980832,60.0,69.627
505256,5979928,60.9,69.14
505108,5980076,60.9,69.627
505508,5979676,60.3,68.653
503996,5981188,60.9,68.653
503744,5981440,60.0,69.627
503488,5981692,59.4,69.627
502988,5982196,60.3,69.627
503240,5981944,61.5,70.114
502988,5982196,60.3,69.14
503344,5981840,60.3,69.14
503088,5982092,58.7,69.14
502980,5982196,61.2,69.627
503088,5982092,59.7,69.14
502984,5982196,60.9,68.653
502732,5982448,59.4,69.14
504496,5980684,61.2,69.627
504496,5980684,60.3,69.627
504620,5980548,60.6,69.627
505492,5980560,61.2,69.14
504512,5981684,59.4,69.627
504496,5981696,58.1,69.14
504480,5981708,59.4,68.653
504716,5981468,60.3,68.653
504508,5981692,59.7,69.14
504376,5981824,59.1,70.114
504508,5981692,60.0,69.14
504528,5981692,60.9,68.653
504396,5981824,60.0,69.14
505292,5980936,61.5,70.601
504376,5981824,60.3,68.653
504536,5981676,61.5,69.627
504548,5981692,60.3,70.114
504796,5981440,60.3,69.14
504408,5980936,61.5,68.653
504152,5981188,58.7,69.627
503536,5981692,60.9,69.14
503284,5981944,60.3,69.14
502780,5982448,59.7,69.627
502780,5982448,61.5,69.627
502780,5982448,60.9,69.627
502780,5982448,60.3,69.14
502528,5982700,60.9,70.114
504040,5981188,60.9,70.601
504396,5980832,60.3,69.627
504292,5980936,60.3,70.601
502780,5982448,59.4,70.601
502780,5982448,59.7,69.627
502528,5982700,60.3,69.14
502776,5982448,60.3,69.14
505068,5981188,61.5,69.14
506324,5979928,59.4,70.114
506068,5980180,59.7,69.627
505576,5980668,60.9,69.627
504800,5981440,60.0,70.114
504308,5981944,60.0,70.601
504696,5981556,59.7,70.114
504432,5981820,60.6,68.653
504672,5981580,60.0,70.114
504660,5981592,59.7,68.653
504812,5981440,61.5,69.627
504560,5981692,59.4,69.627
504748,5981440,58.1,71.088
504496,5981692,61.5,69.627
504748,5981440,58.7,69.627
504496,5981692,60.6,70.114
504748,5981440,60.3,70.114
504732,5980432,60.3,70.114
504732,5980432,59.7,70.114
504732,5980432,61.5,71.088
504732,5980432,58.7,69.627
504732,5980432,60.9,70.601
504732,5980432,60.0,69.627
504732,5980432,60.9,70.114
504868,5980296,60.3,69.627
506696,5981420,60.0,71.088
506688,5981432,60.6,70.601
506680,5981444,60.9,69.627
506924,5981204,60.9,70.601
506428,5981692,60.3,69.14
506424,5981692,60.9,70.114
507160,5981840,60.3,70.601
507292,5981840,60.0,71.088
507540,5981588,59.7,70.114
507284,5981840,60.9,70.114
505664,5983456,60.9,70.601
504412,5984716,59.4,70.114
504440,5984684,60.0,70.114
504972,5984148,59.4,71.575
504468,5984664,60.3,69.627
504200,5984928,60.9,70.114
503968,5985164,60.9,70.601
505168,5983960,60.6,70.601
505020,5984108,60.7,71.088
505776,5983352,60.9,70.601
505772,5983352,60.0,71.575
504516,5984612,60.3,70.114
504412,5984716,60.0,69.627
505928,5983204,60.0,71.088
504680,5984448,61.9,70.601
504900,5983204,60.9,70.601
504752,5983352,60.6,70.601
504140,5983960,60.0,71.575
504640,5983456,60.6,70.114
504396,5983708,60.3,71.088
504532,5983572,60.3,71.088
505024,5983080,59.7,70.601
504500,5983604,58.7,70.601
504740,5983364,60.9,70.601
504248,5983856,58.7,70.601
503728,5984372,61.3,70.114
503628,5984464,59.7,70.114
504400,5983692,60.9,70.114
504384,5983708,60.3,70.601
505392,5982700,60.6,70.601
505496,5982596,59.4,71.088
505640,5982448,62.1,70.114
504488,5983588,60.9,70.601
506516,5982448,60.0,71.088
506168,5982936,60.9,71.575
506412,5982684,58.7,71.088
506748,5982344,60.3,71.088
506640,5982448,60.3,70.114
505752,5983336,60.9,70.601
506892,5982196,61.5,71.088
506744,5982344,59.4,70.601
506888,5982196,60.9,70.601
506644,5982448,60.0,71.575
506156,5982936,61.5,70.114
505888,5983204,61.5,70.601
506276,5982816,59.4,70.114
506012,5983080,60.9,70.601
506400,5982692,59.7,71.088
505112,5982956,61.5,71.088
505356,5982716,60.9,71.088
505348,5982728,61.5,71.088
504860,5983204,61.5,71.088
504752,5983456,61.5,71.575
503992,5984212,59.4,71.575
503736,5984464,60.3,70.114
503228,5984968,61.3,71.575
503076,5985116,59.7,70.114
502848,5985220,60.9,70.601
502596,5985472,61.5,70.601
502848,5985220,60.3,70.601
502848,5985220,60.6,70.601
502596,5985472,60.3,71.088
502848,5985220,60.3,71.575
504360,5983708,61.5,71.088
505128,5983824,61.2,71.575
505016,5984076,59.4,71.575
504764,5984328,60.3,70.601
505004,5984088,59.7,70.114
504752,5984340,60.3,71.575
504880,5984212,61.5,71.575
505016,5984076,60.3,71.088
505004,5984088,61.9,71.088
505020,5984100,60.3,70.114
505008,5984112,60.3,71.088
505012,5984108,59.7,71.088
505000,5984120,60.9,70.114
504904,5984212,60.7,69.627
504648,5984464,60.3,71.575
505000,5984108,61.3,71.088
504744,5984360,60.9,72.062
505140,5983960,60.3,70.601
505256,5982952,60.9,71.088
503884,5984212,61.5,72.062
503632,5984464,60.9,71.575
503128,5984968,59.4,71.575
502876,5985220,60.9,72.062
502876,5985220,60.3,72.062
503380,5984716,58.7,72.062
503380,5984716,61.5,71.088
503484,5984612,60.9,72.062
503232,5984864,60.9,71.088
503484,5984612,60.9,71.575
503128,5984968,60.9,71.575
505400,5982700,60.3,71.088
503624,5984464,61.5,72.062
504880,5983204,58.7,71.088
506048,5982920,59.7,70.601
504668,5984444,59.4,72.062
504400,5984708,59.4,70.601
505420,5983684,61.5,70.601
506060,5983044,61.5,70.601
505152,5983960,60.9,71.088
506664,5982448,60.3,70.601
506412,5982700,59.7,72.062
507168,5981944,60.3,71.088
506680,5982432,60.3,72.062
506160,5982952,59.7,71.575
505908,5983204,60.3,71.575
507168,5981944,60.6,72.062
507168,5981944,60.3,71.088
506428,5982684,60.3,72.062
506412,5982700,61.3,71.575
506412,5982700,59.7,71.575
506412,5982700,60.9,71.575
506024,5982196,61.5,71.575
506336,5981944,60.3,72.062
506080,5982196,58.7,72.549
505840,5982432,59.7,72.062
504308,5983960,59.7,71.088
503688,5984464,60.9,71.575
503556,5984596,60.3,71.575
504188,5983960,60.3,72.062
505452,5982700,60.3,71.088
505200,5982952,60.0,71.575
504460,5983692,60.3,71.575
504948,5983204,60.9,71.575
505220,5982936,60.3,72.062
503452,5985588,59.4,71.575
504680,5984360,61.5,71.088
504472,5984716,61.5,73.036
504220,5984968,60.9,71.575
504576,5984612,60.6,72.062
504460,5984716,62.5,72.549
504712,5984464,60.3,72.062
504580,5984596,58.7,72.062
504208,5984968,60.9,73.036
505968,5983204,60.0,73.036
505720,5983456,61.5,73.036
505216,5983960,60.9,71.088
506224,5982952,60.9,74.01
507336,5981840,62.5,71.575
505468,5983708,59.7,71.088
507484,5981692,60.6,72.549
507232,5981944,60.7,71.088
506224,5982952,60.3,71.088
505856,5983320,61.2,72.062
507620,5981556,58.7,73.523
505988,5976380,61.7,73.523
504964,5977404,60.3,72.062
504952,5977416,60.0,71.575
504720,5977560,60.3,72.062
504332,5977944,59.4,71.575
505848,5976432,59.4,73.036
505848,5976432,61.5,72.549
506100,5976180,59.7,72.062
505848,5976432,61.5,71.575
507612,5974668,58.7,71.088
507356,5974920,61.9,72.549
505588,5976684,60.9,72.062
507096,5975172,59.4,72.549
506584,5975676,60.9,72.062
506328,5975928,60.0,72.062
506324,5975928,60.3,71.088
505844,5976432,58.7,72.549
508012,5978196,61.5,73.036
506248,5979960,60.3,73.036
505504,5980700,59.7,72.549
504232,5981976,60.0,71.575
503728,5982480,60.3,72.549
505240,5980968,60.3,72.062
504988,5981220,60.9,72.062
505992,5980212,60.9,72.062
505492,5980716,60.9,73.036
505240,5980968,60.9,71.575
504856,5981352,60.0,72.062
504484,5981724,60.3,73.036
504480,5981724,60.9,72.549
504224,5981976,59.4,72.062
504220,5981976,61.5,73.036
504972,5981220,59.0,73.036
504836,5980464,60.6,72.549
504720,5980464,60.3,72.549
504712,5980464,60.9,72.549
504848,5980328,60.3,72.062
504832,5980340,59.4,72.549
504068,5981108,61.9,73.036
503556,5981624,58.1,73.036
503296,5981888,60.9,72.062
502692,5982480,60.3,72.549
502940,5982228,60.0,72.549
504448,5980716,60.3,73.036
505704,5979456,59.4,72.549
506472,5978684,60.3,73.036
507580,5977572,61.5,72.062
505720,5979456,58.7,73.036
506604,5979456,60.0,73.036
506232,5979824,59.4,73.036
506364,5979836,60.6,73.036
504588,5981612,61.9,72.549
504576,5981624,60.3,72.549
504328,5981872,59.4,73.523
504468,5981724,60.9,73.036
504716,5981472,59.7,73.523
504816,5981368,59.4,73.523
504704,5981472,60.6,72.062
505708,5980464,60.3,73.036
505556,5980612,61.5,73.523
505580,5980612,60.9,72.549
505240,5980952,60.9,73.523
505492,5980700,58.7,72.549
505584,5980612,60.9,73.036
505732,5980464,61.3,73.523
505584,5980612,60.9,73.523
505820,5979456,60.9,72.062
505920,5979352,60.7,72.549
505296,5979960,61.9,72.549
505292,5979960,60.9,73.036
504384,5980864,60.9,73.036
504776,5980464,60.9,72.549
504916,5980212,59.7,72.549
504800,5980328,60.9,73.036
504536,5980592,60.0,72.062
504776,5980352,60.3,73.036
504512,5980616,59.4,73.036
504768,5980360,60.3,72.549
504500,5980612,60.3,72.549
505380,5980612,61.5,73.523
505404,5980612,60.3,73.523
507312,5978848,60.3,73.036
507308,5978848,60.0,73.036
507556,5978596,59.7,74.01
507208,5978952,61.5,71.575
506572,5979588,59.4,72.549
505696,5980464,60.9,73.036
504688,5981472,59.7,74.01
504436,5981724,59.4,72.549
504688,5981472,61.5,73.036
504436,5981724,58.1,73.036
504188,5981976,60.3,73.036
504580,5981588,60.3,73.036
504320,5981852,60.0,73.036
504312,5981864,60.9,73.036
504304,5981876,60.9,73.036
504460,5981724,60.6,73.523
504444,5981724,60.3,73.523
504444,5981724,60.9,73.036
504428,5980716,60.9,73.036
504680,5980464,60.6,72.549
504428,5980716,60.3,73.036
504680,5980464,60.3,73.036
504428,5980716,61.5,73.036
504568,5980580,59.7,73.523
504676,5980476,61.9,73.036
504828,5980328,60.3,72.549
504832,5980328,60.9,72.549
504836,5980328,60.9,73.523
504840,5980328,60.9,74.01
504164,5980968,60.9,73.036
504672,5980464,60.9,72.549
504168,5980968,61.5,74.01
504184,5980952,58.7,73.036
504416,5980716,60.0,73.036
504168,5980968,60.9,72.549
504172,5980968,60.9,73.523
505316,5980848,59.7,74.01
504436,5981724,59.7,73.523
504188,5981976,60.0,73.523
503940,5982228,61.9,73.523
503440,5982732,60.3,73.036
504940,5981220,60.3,73.523
504688,5981472,61.3,72.549
506200,5979960,59.4,73.036
506200,5979960,59.7,74.01
506556,5979604,61.3,73.036
504684,5981472,60.3,73.036
506200,5979960,60.0,73.523
505448,5980716,60.3,73.523
505448,5980716,59.0,73.036
505196,5980968,61.5,74.01
505684,5979456,59.4,73.523
505684,5979456,59.7,74.01
505936,5979204,62.5,74.01
505684,5979456,60.3,73.036
508260,5979840,61.5,74.01
507904,5980196,60.9,74.01
507016,5981084,60.9,74.984
505492,5982608,59.4,73.523
503728,5984372,60.3,73.036
504852,5983236,60.9,73.523
504848,5983236,58.1,74.01
503344,5984748,60.3,73.523
505104,5982984,58.7,72.549
503848,5984244,60.9,73.523
503344,5984748,60.9,74.01
503092,5985000,60.3,72.549
505632,5983488,60.9,73.523
505888,5983236,60.0,74.984
505640,5983488,61.5,73.036
505896,5983236,61.9,74.01
505648,5983488,59.7,73.523
505884,5983236,60.3,73.523
504372,5984748,59.0,73.523
504208,5984912,60.3,74.01
504180,5984924,60.9,74.01
504168,5984920,60.9,74.01
504392,5984692,60.3,74.497
504624,5984440,59.7,73.523
504260,5984796,59.4,73.523
504612,5984440,61.9,74.497
504248,5984796,60.3,72.549
504596,5984440,59.0,73.036
504312,5984716,61.5,74.01
503452,5984716,61.9,74.01
503336,5984716,59.7,74.01
503324,5984716,60.0,73.523
502968,5985072,61.3,74.984
503072,5984968,60.6,74.497
503216,5984820,59.7,74.497
503064,5984968,61.5,74.01
503220,5984820,59.4,74.01
503108,5984936,60.9,74.01
503344,5984696,60.9,74.01
502972,5985064,60.9,73.036
504228,5983804,59.1,74.01
504612,5983416,61.5,72.549
504244,5983812,59.7,73.523
505132,5983812,61.5,73.523
506276,5982804,60.3,74.01
506276,5982804,59.4,74.497
505388,5983692,62.1,74.01
506024,5983056,60.9,74.497
503876,5985204,58.7,74.01
505148,5983928,60.9,74.984
504644,5984428,60.3,74.497
505028,5984040,59.7,73.523
505012,5984052,61.9,74.01
504608,5984452,60.0,73.523
504092,5984968,59.4,73.523
505512,5983560,60.6,74.984
505512,5983560,60.9,74.497
505764,5983308,60.0,73.523
505616,5983456,60.9,74.01
505764,5983308,60.6,74.01
505764,5983308,60.3,74.01
505760,5983308,59.7,74.984
505876,5982300,61.5,74.984
505660,5982552,61.9,74.984
505908,5982300,60.0,73.523
505904,5982300,60.3,74.01
505500,5982700,57.4,73.036
503520,5984568,60.3,73.036
504780,5983308,60.9,74.497
504524,5983560,58.7,75.471
504268,5983812,60.0,74.497
504632,5983456,60.9,74.01
503124,5984968,60.3,74.497
502768,5985324,60.3,74.01
503016,5985072,60.0,73.523
503648,5985324,60.0,74.984
504044,5985072,60.9,73.523
503536,5985576,60.6,73.523
503784,5985324,60.3,74.01
503632,5985472,61.9,74.01
503896,5985220,60.3,74.01
503284,5985828,59.4,75.471
503028,5986080,61.2,74.497
502532,5986584,61.5,74.01
502468,5986584,60.9,73.036
502468,5986584,60.3,74.01
502464,5986584,60.6,74.984
502460,5986584,60.3,73.523
503064,5985976,58.7,74.497
502704,5986332,60.9,73.523
502448,5986584,59.4,74.984
504060,5984968,60.9,74.01
503972,5985072,61.5,74.01
504472,5984568,59.4,73.523
504720,5984316,58.7,74.984
505696,5982448,58.7,74.984
504728,5983292,60.0,74.497
504976,5983040,60.3,73.523
505564,5982448,61.5,74.497
505708,5982300,60.9,74.01
505412,5982596,59.4,74.984
505556,5982448,60.9,74.984
505404,5982596,60.9,74.01
505548,5982448,60.9,73.523
505400,5982596,60.0,74.497
505436,5982552,60.9,74.01
505184,5982804,60.9,74.497
504188,5983796,60.0,73.523
504540,5983440,61.2,74.01
504164,5983812,60.9,75.471
504412,5983560,59.7,73.523
504184,5983812,60.9,74.01
504060,5984820,58.0,73.523
504560,5984316,60.0,74.497
504704,5984316,60.3,74.497
504452,5984568,60.9,73.523
504700,5984316,59.4,74.01
503696,5985324,62.5,74.01
503192,5985828,60.0,74.984
502940,5986080,60.3,74.497
503192,5985828,59.4,73.523
502688,5986332,60.3,75.471
502776,5986244,60.9,74.497
502912,5986092,60.6,74.497
502900,5986104,60.3,73.523
502976,5986016,59.7,74.01
502880,5986116,60.3,74.497
503240,5985760,60.3,75.471
503000,5985108,60.0,74.497
503208,5984752,59.4,74.497
502848,5985108,61.5,74.984
504612,5983344,60.3,74.497
504628,5983328,60.3,74.984
504624,5983328,60.0,74.497
504368,5983580,60.3,74.497
504600,5983344,62.1,74.01
504360,5983580,58.5,74.497
504944,5982988,60.9,73.523
504684,5983240,60.3,74.497
505076,5982840,58.7,74.01
504672,5983240,58.5,74.497
504160,5983744,62.5,74.01
504684,5983240,60.0,74.01
505020,5983788,60.3,74.984
507112,5981832,61.3,74.984
506872,5982084,59.7,74.01
507124,5981832,59.7,74.984
508132,5980824,60.9,73.523
507880,5981076,61.3,74.984
507880,5981076,58.7,73.523
506868,5982084,60.9,74.984
506612,5982336,60.0,74.497
506620,5982336,60.3,75.471
506252,5982704,59.4,75.471
506256,5982704,60.3,74.497
505356,5983596,61.5,75.958
505100,5983848,59.4,74.984
505348,5983596,60.9,74.01
503596,5985360,61.5,75.471
505368,5977804,61.0,74.497
505232,5977936,60.3,74.984
506744,5975400,62.1,74.497
508004,5974140,60.3,74.984
508232,5973916,60.7,74.497
508268,5973884,60.3,74.984
507124,5975032,59.7,74.984
508236,5973920,60.9,75.471
506868,5975272,61.5,74.984
507856,5974280,61.3,75.471
506864,5975272,59.7,75.471
506848,5975284,61.5,74.497
505956,5976172,60.9,74.984
506840,5975284,60.3,74.984
506120,5976028,59.7,74.01
506044,5979952,60.3,74.984
506292,5979700,60.6,75.471
505452,5980580,60.3,75.471
506964,5979068,60.9,74.984
506964,5979068,58.7,74.497
507232,5978800,60.3,75.471
507232,5978800,60.6,75.471
507484,5978548,60.9,75.958
507572,5978460,59.7,74.497
507320,5978712,59.4,74.984
507464,5978564,61.5,74.497
507464,5978564,58.7,74.497
506468,5979556,60.9,74.984
505308,5980712,60.0,75.471
505288,5980728,60.6,74.497
505180,5980832,60.7,74.497
505192,5980832,59.4,74.984
505188,5980832,61.5,75.471
506224,5979808,60.6,75.958
506472,5979556,59.7,74.497
506824,5978312,61.5,75.471
506568,5978564,61.2,74.984
506816,5978312,59.7,75.471
506560,5978564,58.7,75.471
506700,5978312,60.3,74.497
506552,5978460,59.4,74.497
506952,5978060,60.9,75.471
506700,5978312,59.4,75.471
506196,5978816,61.5,75.471
505944,5979068,59.4,74.984
506196,5978816,60.3,76.445
505948,5979068,60.3,75.471
506204,5978816,61.2,74.984
505956,5979068,59.7,74.984
505960,5979068,60.0,74.497
505964,5979068,59.7,75.471
505964,5979068,61.5,75.958
506956,5978964,59.4,74.497
507240,5978816,60.3,75.471
507092,5978964,60.9,75.958
506840,5979216,59.7,76.445
506988,5979068,60.6,74.984
506988,5979068,59.7,75.958
506984,5979068,60.0,75.471
506980,5979068,60.3,74.984
507228,5978816,60.3,74.497
506972,5979068,61.2,75.471
507220,5978816,60.3,74.497
507028,5979068,60.9,75.958
507056,5979068,60.9,75.471
507304,5978816,60.3,74.984
507052,5979068,60.0,76.445
507156,5978964,60.9,75.958
506028,5979068,60.9,75.471
505772,5979320,58.7,74.497
505524,5979572,60.3,74.984
505272,5979824,59.4,75.471
504768,5980328,60.3,74.984
504652,5980444,60.0,74.01
504652,5980444,59.4,74.984
504652,5980444,60.0,74.984
504516,5980580,61.5,75.471
504768,5980328,60.6,75.471
504516,5980580,60.3,74.984
504768,5980328,60.6,75.471
504516,5980580,61.5,74.984
504768,5980328,59.7,74.984
504768,5980328,60.3,74.984
506132,5979852,59.4,75.471
505764,5980356,60.3,74.984
507276,5978844,60.0,75.958
506620,5979500,60.3,75.471
506252,5979868,60.6,74.984
505748,5980372,59.7,74.497
505744,5980372,58.7,75.471
505740,5980372,62.1,75.471
505736,5980372,59.0,74.984
504860,5981244,60.6,75.471
504856,5981244,60.9,75.471
504592,5981508,60.3,75.471
503976,5982136,60.3,75.471
503472,5982640,61.5,75.958
503220,5982892,59.7,76.445
503976,5982136,60.6,75.471
504596,5981512,59.4,75.471
502984,5983128,59.7,75.958
502952,5982136,59.4,76.932
502448,5982640,60.3,75.958
502552,5982536,60.3,75.471
502804,5982284,60.9,75.958
502444,5982640,60.3,74.984
502692,5982388,62.5,74.01
502692,5982388,58.1,74.984
504452,5980624,59.4,75.471
504560,5980520,59.7,76.932
504448,5980624,59.7,75.471
504300,5980772,60.3,74.984
504448,5980624,59.7,74.497
504304,5980772,59.7,75.958
504436,5980624,62.1,75.471
503552,5982388,60.3,74.497
505460,5980624,60.9,75.958
505220,5980860,61.9,75.471
505212,5980860,61.2,75.471
504432,5981632,60.9,75.471
506208,5979868,60.3,74.984
504556,5981528,60.3,75.958
504196,5981884,59.7,74.497
502784,5983292,61.5,76.445
502780,5983292,59.4,75.471
502676,5983404,61.5,76.932
502720,5983324,60.3,75.958
502596,5983428,58.7,74.984
502672,5983348,60.9,76.445
503040,5982964,60.9,74.984
504552,5981452,60.3,74.984
503040,5982964,61.5,76.932
504552,5981452,59.4,74.984
504548,5981452,60.0,74.984
504552,5980428,61.5,75.471
504536,5980444,59.7,75.958
504656,5980340,59.4,75.471
504800,5980192,61.5,76.932
504560,5980444,60.0,75.958
504556,5980444,60.0,75.471
507648,5980308,61.3,75.471
507496,5980456,60.0,75.471
507492,5980456,60.0,76.932
507488,5980456,59.7,75.958
507544,5980444,60.3,75.471
507292,5980696,59.7,75.471
505632,5982356,60.0,75.958
506032,5981956,61.5,76.445
505020,5982964,60.6,75.958
504520,5983468,60.9,75.471
504016,5983972,60.0,75.471
503760,5984224,61.3,75.958
503636,5985232,60.0,76.445
503528,5985484,60.9,76.445
503524,5985484,60.7,76.445
503772,5985232,60.9,75.471
503516,5985484,59.7,75.471
503780,5985232,61.2,76.445
503528,5985484,61.3,77.906
503780,5985232,59.7,75.958
503780,5985232,61.5,75.471
504032,5984980,61.5,75.471
503528,5985484,60.0,75.471
505072,5983972,61.5,76.932
504216,5984828,60.3,75.958
505492,5983552,60.7,76.445
505228,5983816,60.9,76.445
505336,5982820,60.3,75.471
505580,5982576,60.3,75.471
505328,5982828,60.9,76.932
503800,5984224,60.3,76.445
503400,5984624,61.2,76.445
503044,5984980,60.3,76.932
505308,5982712,60.0,76.445
503400,5984624,60.3,75.471
503044,5984980,60.9,74.984
502792,5985232,60.9,75.471
504804,5983216,60.6,76.445
503044,5984980,60.3,77.419
502536,5985484,60.3,75.958
504300,5983720,60.0,76.445
504300,5983720,60.3,76.445
504404,5983616,62.1,75.958
505528,5983380,60.9,75.958
505548,5983480,59.4,76.445
505548,5983480,60.9,75.471
505548,5983480,61.5,75.958
505548,5983480,60.3,75.471
505548,5983480,60.3,75.958
505936,5983092,60.3,76.445
504412,5984616,59.4,75.471
506176,5982852,59.7,76.445
507184,5981844,58.7,76.445
505636,5983392,62.1,75.958
504884,5984144,60.3,76.445
504512,5984500,61.5,75.958
504792,5984248,59.4,77.419
504540,5984500,60.3,76.445
504792,5984248,60.3,74.984
504540,5984500,59.7,75.471
504896,5983120,61.5,76.445
504784,5983224,61.5,76.932
505020,5982988,59.7,76.445
504768,5983240,58.8,75.958
504764,5983240,60.3,76.445
504528,5983492,61.3,77.419
504280,5983744,58.5,75.958
503776,5984248,60.3,75.471
503776,5984248,60.0,76.445
505288,5982736,60.9,77.419
506548,5981476,59.7,76.932
506652,5981372,60.3,76.445
506400,5981624,60.0,76.445
506800,5981224,62.1,76.445
506796,5981224,59.4,76.932
507320,5981728,60.6,76.445
507424,5981624,60.3,75.958
506920,5982128,58.7,75.958
505404,5983640,59.4,76.445
505808,5983240,60.6,75.958
505552,5983492,60.3,76.445
505800,5983240,61.9,76.445
505544,5983492,60.3,75.471
505792,5983240,60.3,76.445
505804,5983240,60.9,77.419
505548,5983492,60.3,75.471
505316,5983744,60.3,75.958
505312,5983744,58.7,76.932
505308,5983744,59.4,77.906
505052,5983996,60.0,75.958
503572,5985508,60.9,76.445
504328,5984752,59.1,76.932
504432,5984648,60.3,76.445
504948,5983240,60.0,75.958
504668,5983388,60.9,75.471
504816,5983240,60.6,75.958
504816,5983240,60.9,75.471
504564,5983492,60.0,76.932
504816,5983240,60.9,75.958
504564,5983492,62.5,76.445
504560,5983492,60.0,76.932
504808,5983240,58.7,74.984
503156,5984900,60.3,76.932
503048,5985004,60.0,77.906
503304,5984752,58.1,75.958
503304,5984752,58.7,77.419
503036,5985908,58.7,76.932
502932,5986160,60.9,76.932
503332,5985760,60.6,76.932
503080,5986012,58.1,76.445
503344,5985760,58.1,76.445
503068,5986012,61.3,75.958
503424,5985656,59.4,76.445
503064,5986012,60.0,76.932
503068,5986012,59.7,76.932
503320,5985760,60.9,75.958
503316,5985760,59.4,76.445
503072,5986012,60.3,76.932
503324,5985760,59.7,76.445
503072,5986012,60.0,76.932
503172,5985908,60.0,76.932
503324,5985760,60.9,75.958
503324,5985760,60.3,76.445
503324,5985760,58.5,76.932
505084,5983996,60.0,76.445
504828,5984248,60.3,76.445
505072,5982988,60.3,76.445
505072,5982988,60.3,76.445
504920,5983136,59.1,75.958
505072,5982988,60.3,77.419
505076,5982988,60.3,76.445
504824,5983240,59.4,77.419
505684,5982380,60.0,76.932
505328,5982736,59.1,75.958
505580,5982484,59.4,76.932
504924,5983136,61.5,76.932
504908,5983148,58.7,76.932
504324,5983728,60.0,77.906
505312,5982736,60.6,76.445
505192,5982852,60.9,75.471
504924,5983116,59.7,76.445
505160,5982876,59.7,77.419
504820,5983240,60.3,76.932
506096,5982988,61.3,76.445
506200,5982884,60.0,76.932
506348,5982736,60.3,76.932
506200,5982884,61.3,76.445
506452,5982632,59.7,77.419
505084,5983996,60.9,76.932
504072,5985004,59.7,75.958
503924,5985152,61.5,76.932
503816,5985256,60.3,76.445
504064,5985004,60.3,76.932
503128,5980116,63.3,76.445
503020,5980220,61.9,75.958
503020,5980220,59.0,76.445
503020,5980220,62.1,76.932
504784,5978456,60.9,76.932
504784,5978456,59.4,76.445
503388,5978960,60.6,76.445
503004,5979212,61.3,75.958
503256,5978960,60.9,76.445
503504,5978708,60.0,77.419
503508,5978708,62.1,76.445
503004,5979212,60.3,76.445
502752,5979464,60.9,76.932
504516,5977700,60.3,76.445
504764,5977448,60.9,76.932
507424,5977596,60.3,75.958
507420,5977596,60.9,76.445
506156,5978856,59.7,77.419
504284,5980724,60.9,76.932
505792,5979212,60.9,75.471
505612,5979464,60.9,75.958
505376,5980724,60.6,77.419
506320,5979716,59.4,76.932
506320,5979716,59.1,77.419
505820,5980220,60.6,76.932
505316,5980724,60.9,76.932
505064,5980976,61.3,76.932
505568,5980472,59.4,76.932
507080,5978960,59.0,75.958
507584,5978456,59.7,76.932
505816,5980220,60.6,77.419
506568,5979464,60.0,77.906
505812,5980220,61.5,76.445
505320,5980708,59.4,76.932
505420,5980604,60.0,76.932
505564,5980456,60.9,76.445
505292,5980724,58.7,77.419
504064,5981968,61.5,76.445
504168,5981864,58.7,76.445
505172,5979832,60.9,77.419
505676,5979328,60.0,76.445
504172,5980840,60.3,76.445
503916,5981092,59.7,77.419
504636,5980368,58.7,76.932
504288,5980724,60.0,76.932
504368,5980620,59.4,77.419
504256,5980724,60.9,77.906
505524,5979464,60.6,77.419
505124,5979864,60.3,77.419
503504,5981480,60.0,76.932
502992,5981984,62.1,76.445
504512,5980472,60.9,76.445
505284,5980724,59.7,76.445
505032,5980976,60.9,76.445
504880,5981124,58.1,75.958
504520,5981480,58.5,76.932
504872,5981124,61.5,77.906
504508,5981480,58.7,76.932
503356,5982636,60.0,76.932
502744,5983244,60.9,77.419
502840,5983140,56.9,77.419
502484,5983496,60.3,76.932
502840,5983140,60.3,77.419
502984,5982992,60.0,76.932
502984,5982992,62.1,76.932
504496,5981480,59.4,76.445
504240,5981732,59.1,76.932
504244,5981732,59.4,76.932
504244,5981732,60.9,77.419
504244,5981732,59.7,77.419
504348,5981628,60.9,76.932
504488,5981480,58.5,76.445
504340,5980620,62.1,77.419
504488,5980472,59.0,76.932
504484,5980472,59.1,76.932
504740,5980220,60.3,76.445
504224,5980724,58.5,76.932
504220,5980724,60.9,76.932
504216,5980724,60.3,76.445
504212,5980724,59.7,76.932
504208,5980724,60.3,76.932
503976,5980976,60.3,76.932
503976,5980976,59.4,76.445
504984,5979968,62.1,77.906
504092,5980856,60.6,75.958
503584,5981360,59.4,77.906
504216,5980724,58.7,77.419
505472,5979464,60.9,76.445
505504,5979448,60.3,77.906
506528,5979448,60.0,75.958
505772,5980204,60.9,77.906
506012,5979964,61.3,77.906
504884,5981088,59.4,76.445
504880,5981088,59.4,76.445
504492,5981480,60.3,76.932
506252,5979716,60.0,76.932
506248,5979716,59.4,76.932
506496,5979464,60.6,76.932
506744,5979212,59.4,76.445
506740,5979212,60.9,76.932
506764,5979212,59.4,77.419
506616,5979360,58.7,77.419
506604,5979372,60.3,76.932
506272,5979716,60.9,77.419
505772,5980220,60.3,77.906
505508,5979464,59.4,76.932
504984,5979968,60.9,77.419
504980,5979968,59.7,77.906
506488,5978456,62.1,77.419
506484,5978456,60.9,76.445
506480,5978456,60.3,77.906
506476,5978456,58.7,77.419
506724,5978204,60.9,77.419
506496,5978456,60.9,77.419
506884,5978068,60.0,76.932
506620,5978332,60.3,78.393
506872,5978080,60.0,77.906
506620,5978332,59.7,76.932
506860,5978092,61.5,78.393
506488,5978456,60.0,77.419
507584,5978248,61.5,75.958
507512,5978456,59.7,77.906
505996,5979968,60.6,77.419
506000,5979968,59.7,77.906
505748,5980220,59.4,76.932
505600,5980368,60.3,77.906
505588,5980380,61.5,76.932
505588,5980380,58.7,77.906
505688,5980276,64.8,77.906
505244,5980724,60.3,76.932
506504,5979464,61.9,78.393
507260,5978708,59.4,75.958
506252,5979716,61.5,76.445
504488,5981480,60.3,76.932
503480,5982488,60.6,77.906
503228,5982740,60.9,77.419
504992,5980976,60.9,78.393
504252,5981716,59.4,77.419
504488,5980456,60.9,77.906
507424,5980472,60.3,77.419
507172,5980724,60.0,77.419
506920,5980976,60.3,77.419
507528,5980368,60.9,78.393
507676,5980220,58.7,78.393
507272,5980620,60.9,78.393
507416,5980472,60.3,77.906
507412,5980472,61.5,77.906
507408,5980472,59.7,77.419
507152,5980724,60.9,76.445
506932,5980976,59.4,77.419
506468,5981464,60.3,77.419
507224,5981732,60.6,76.932
506588,5982368,60.3,77.906
507224,5981732,59.7,77.906
506736,5982220,60.6,76.932
506720,5982236,60.9,77.906
506572,5982384,60.0,78.393
506472,5982488,60.9,78.393
504708,5984252,59.4,77.419
504716,5984252,58.7,77.419
506476,5982488,60.9,78.393
506228,5982740,60.3,77.419
506524,5982488,58.7,77.419
506496,5982516,63.9,78.393
506236,5982768,60.6,77.419
507492,5981508,61.9,77.419
507504,5981492,60.6,78.393
506980,5982012,60.3,77.419
506748,5982264,58.7,77.419
505488,5983524,61.5,78.393
504480,5984532,59.7,77.419
503960,5984028,62.1,77.906
503960,5984028,60.3,77.419
503456,5984532,60.3,77.906
503204,5984784,59.4,77.419
504468,5983524,60.3,77.906
503964,5984028,61.5,77.906
502960,5985036,60.3,77.419
502952,5985048,60.3,78.393
502540,5985448,60.9,77.906
502692,5985300,60.3,77.906
504440,5983536,60.0,77.906
504436,5983536,61.5,77.419
505188,5982780,60.0,77.419
503672,5984292,60.3,77.906
504424,5983536,60.9,77.419
505428,5982528,60.3,78.393
503684,5984292,59.7,77.906
505332,5983536,61.5,78.393
504984,5984024,61.5,78.393
503812,5985196,60.9,77.419
503456,5985552,60.9,77.419
505228,5983788,60.9,78.88
505464,5983536,60.9,78.393
505476,5983520,61.3,78.88
505960,5983032,60.3,77.906
505704,5983284,59.4,76.932
505952,5983032,60.9,77.906
505192,5983788,60.9,77.419
504936,5984040,61.5,77.906
505984,5983016,60.9,77.906
505212,5983788,61.5,77.419
504960,5984040,61.5,77.906
504708,5984292,59.4,78.393
504944,5983032,61.5,78.88
504944,5983032,60.3,77.419
504944,5983032,59.4,77.906
504692,5983284,60.0,78.393
504692,5983284,60.3,76.932
504692,5983284,60.0,77.906
504692,5983284,59.4,77.419
506456,5981520,59.4,78.393
504692,5983284,60.3,77.906
504688,5983284,59.4,76.932
504692,5983284,60.9,78.393
506456,5981520,60.9,79.854
506456,5981520,58.7,79.367
506204,5981772,60.9,79.854
506456,5981520,60.3,77.906
506204,5981772,60.0,77.419
506976,5982024,60.9,78.393
506860,5982140,60.0,77.906
507100,5981900,60.3,78.88
506836,5982164,58.7,77.906
506348,5982652,61.5,77.419
507232,5981772,58.7,78.393
507488,5981520,60.9,77.906
507344,5981668,60.3,78.393
505476,5983536,60.6,78.88
505484,5983536,59.4,78.393
505340,5983684,60.9,78.393
505480,5983536,60.3,78.393
505480,5983536,60.0,77.906
505732,5983284,60.3,78.393
507244,5981772,61.5,78.393
505328,5983684,58.5,76.932
505480,5983536,60.3,77.906
504708,5983284,60.3,77.419
504708,5983284,60.3,77.906
504812,5983180,59.4,77.906
504708,5983284,61.5,78.88
504812,5983180,60.0,77.906
504960,5983032,60.9,78.88
505212,5982780,60.3,77.419
505208,5982780,60.0,77.906
505204,5982780,60.3,78.393
504948,5983032,59.7,77.906
505300,5982676,60.0,79.367
505188,5982780,60.3,77.906
506460,5981504,59.4,77.906
506484,5981504,61.5,77.906
506988,5982024,59.4,77.906
506724,5982288,62.1,79.367
506872,5982140,59.4,77.906
506620,5982392,59.0,78.88
506612,5982404,60.6,78.393
506476,5982528,60.9,79.367
506224,5982780,58.7,78.88
506728,5982276,62.1,78.393
506476,5982528,58.7,78.88
506728,5982276,60.9,78.393
506328,5982676,58.7,78.393
506728,5982276,62.1,78.393
506476,5982528,59.0,78.88
506728,5982276,60.3,77.906
506220,5982780,61.2,77.906
507476,5981520,58.7,77.419
505720,5983284,60.9,78.393
505468,5983536,61.2,78.88
506224,5982780,60.3,78.393
506312,5981668,60.3,78.88
506460,5981520,60.3,77.906
506208,5981772,60.0,78.393
507468,5980512,60.3,77.906
507216,5980764,60.9,79.367
507064,5980912,60.3,78.393
507212,5980764,60.9,78.88
507208,5980764,60.3,78.393
507204,5980764,60.0,78.393
507200,5980764,61.5,78.88
507196,5980764,59.4,77.906
507224,5980764,59.7,76.445
505964,5982024,60.0,78.393
505972,5982024,60.9,78.393
505976,5982024,59.4,78.88
506736,5981268,60.9,77.906
506992,5981016,59.4,78.88
506716,5981268,60.3,78.393
506376,5982496,60.9,78.393
506480,5982528,59.4,78.393
506480,5982528,60.9,78.88
506480,5982528,59.7,77.906
506732,5982276,60.6,78.88
506732,5982276,61.5,78.88
506556,5976632,63.7,78.393
506556,5976632,60.9,78.393
506556,5976632,60.9,77.906
506452,5976736,60.0,78.393
506704,5976484,60.9,78.393
506808,5976380,60.9,78.88
506196,5976988,58.7,77.906
505940,5977240,60.0,78.393
507196,5975980,58.7,78.88
506436,5975728,61.3,77.906
505028,5977136,60.3,79.367
504924,5977240,60.0,78.88
505024,5977136,60.9,78.393
506248,5978720,60.3,79.367
507520,5977444,60.9,78.393
507368,5977592,60.3,78.393
507024,5977932,60.9,77.419
507504,5977444,60.3,78.88
507528,5977492,60.0,78.88
507276,5977744,60.3,78.88
507276,5977744,60.9,78.88
507276,5977744,60.6,78.393
507276,5977744,60.3,78.88
507276,5977744,59.7,78.393
505512,5979508,59.4,78.88
506396,5979508,59.4,78.88
505888,5980012,59.4,78.88
505276,5980768,59.7,78.88
504268,5981776,61.5,78.393
504520,5981524,61.2,79.367
504520,5981524,59.7,78.88
504408,5981640,60.9,78.393
504648,5981400,60.0,78.393
504900,5981148,60.0,77.419
505004,5981044,59.7,77.419
504300,5981776,59.1,77.906
506048,5980012,61.5,77.906
505932,5980128,58.7,78.393
505916,5980140,60.0,78.393
505648,5980404,60.9,78.88
505884,5980164,58.1,78.393
505364,5980680,60.9,78.393
505396,5979760,60.3,78.393
504620,5980412,59.1,78.393
504516,5980516,59.0,78.88
504768,5980264,60.3,78.393
504768,5980264,61.9,78.393
504516,5980516,59.4,77.906
505776,5979256,61.5,78.88
505540,5979492,60.0,78.88
506280,5978752,61.5,78.88
506800,5978232,61.3,79.367
505520,5979508,61.2,79.367
506780,5978248,60.3,78.88
506528,5978500,60.9,78.393
506528,5978500,60.9,79.367
506020,5979892,58.7,78.393
506400,5979508,59.4,78.88
505404,5980648,59.7,78.88
505552,5980500,61.5,79.367
505284,5980768,58.7,78.393
505640,5980412,60.9,77.419
505536,5980516,60.0,78.88
505536,5980516,60.9,79.367
505536,5980516,61.5,78.88
505536,5980516,59.4,78.393
505536,5980516,59.0,78.88
505788,5980264,61.2,78.393
505784,5980264,60.3,78.393
505632,5980412,60.9,78.88
505524,5980516,59.4,79.367
505520,5980516,60.9,78.88
505264,5980768,60.9,77.906
505512,5980516,60.9,78.393
505032,5981020,60.0,78.393
505016,5980012,60.9,79.367
505016,5980012,60.6,77.419
504764,5980264,59.7,78.393
505016,5980012,60.6,77.906
504764,5980264,60.9,78.393
505016,5980012,60.0,78.393
504764,5980264,60.9,78.393
505016,5980012,62.5,78.393
504900,5980128,60.9,77.419
504780,5980244,59.4,79.854
505036,5979992,59.7,78.88
505260,5979760,61.5,79.367
506028,5980012,59.7,78.88
506028,5980012,59.4,78.393
506028,5980012,59.0,77.906
506028,5980012,61.5,78.88
506028,5980012,59.4,78.393
506280,5979760,59.7,79.367
505876,5980160,60.9,78.393
506024,5980012,59.4,79.367
506016,5980012,59.7,78.393
506264,5979760,60.3,78.393
505860,5980160,60.6,76.932
506004,5980012,60.9,79.367
506028,5980012,61.5,78.393
506028,5980012,60.6,79.367
506028,5980012,60.0,78.88
506280,5979760,60.3,78.393
506028,5980012,60.0,78.393
506028,5980012,60.3,77.906
506028,5980012,60.3,78.393
506028,5980012,59.7,77.419
505520,5980516,59.7,78.88
507148,5977996,59.7,78.393
505864,5979152,60.9,77.906
505252,5979760,59.7,77.906
505256,5979760,60.3,78.88
506016,5979004,59.4,78.393
505904,5979120,61.5,79.367
505404,5979620,60.0,78.88
505144,5979888,60.3,78.88
504880,5980152,60.0,78.393
505004,5980012,59.0,78.88
504536,5980412,59.1,79.367
504932,5980012,58.1,78.393
504688,5980264,59.7,78.393
504688,5980264,59.7,79.367
504824,5980128,60.9,77.419
504812,5980140,60.6,78.88
504432,5980516,60.3,79.854
505568,5980264,60.6,78.393
505460,5980516,60.3,78.393
505708,5980264,60.0,78.393
505704,5980264,60.3,78.88
505952,5980012,61.5,78.393
505716,5980264,59.4,77.906
506100,5979876,60.3,78.88
505836,5980140,60.0,78.393
506076,5979900,60.9,78.88
505824,5980152,60.0,78.393
506064,5979912,59.7,78.393
505712,5980264,60.3,78.393
507148,5981640,61.8,78.393
507404,5981524,60.9,78.88
507404,5981524,59.4,78.88
507404,5981524,60.3,78.393
506380,5981524,60.0,78.88
506380,5981524,62.1,79.367
506228,5981672,61.5,78.393
506224,5981672,58.7,79.367
506116,5981776,59.7,78.393
506364,5981524,62.1,78.393
507384,5980500,59.7,78.393
507240,5980664,62.1,77.906
507228,5980676,59.4,78.88
507112,5980792,60.0,78.88
507356,5980552,59.4,79.367
507088,5980816,59.7,78.393
507624,5980280,61.5,78.88
507064,5980840,60.3,79.367
507124,5980768,59.7,78.88
506380,5982396,58.7,78.88
506776,5982144,62.1,78.88
506520,5982396,60.0,78.393
506776,5982144,61.3,78.393
506516,5982408,59.7,78.393
506388,5982532,62.1,78.393
506776,5982144,60.7,79.367
505516,5983404,60.6,79.367
504744,5984172,60.3,79.367
504728,5984184,60.0,78.88
505984,5982924,60.3,79.367
507144,5981776,60.0,78.393
504892,5984028,59.4,78.393
505380,5983540,60.9,78.393
504892,5984028,58.7,78.393
504744,5984176,60.3,77.419
505376,5983540,58.5,78.393
504744,5984176,62.1,78.393
505500,5982396,60.3,77.906
505752,5982144,57.8,79.367
504860,5983032,59.1,78.393
504748,5983148,60.3,78.88
504988,5982908,60.6,78.88
504860,5983036,60.3,78.393
504856,5983036,59.7,78.393
504600,5983288,58.7,79.367
504860,5983036,61.5,78.88
506372,5981524,59.7,78.88
506508,5981388,60.3,79.367
506372,5981524,60.9,78.393
506116,5981776,60.0,79.367
507504,5981272,60.3,78.88
507396,5981524,60.6,78.393
507644,5981272,61.5,79.367
507244,5981672,58.7,78.393
505728,5983184,60.6,78.88
505640,5983288,60.9,77.906
505776,5983152,60.0,77.906
505216,5983712,60.9,78.393
505640,5983288,58.5,77.906
505524,5983404,60.0,78.88
504756,5984172,60.3,78.393
504380,5984548,61.3,79.367
506144,5982784,58.7,80.341
506412,5982516,61.9,78.88
505892,5983036,60.9,78.88
506648,5982280,60.0,78.393
506396,5982532,60.9,78.393
504884,5984044,60.6,78.88
506392,5982532,60.3,78.88
506660,5982264,61.5,79.854
505368,5982532,60.3,79.367
506628,5981272,59.7,78.393
504864,5983036,59.7,79.367
506376,5981524,60.3,79.367
506376,5981524,61.5,78.393
506660,5981240,60.7,78.88
506648,5981252,60.3,79.854
506648,5981252,60.3,79.367
506636,5981264,60.9,79.367
505368,5982532,59.7,79.367
507132,5980768,60.9,79.367
507636,5980264,60.9,78.88
507384,5980516,60.9,78.88
506388,5981508,59.7,79.854
505864,5982028,60.0,78.393
507372,5980516,60.0,79.854
505872,5982028,59.1,79.367
506248,5982532,62.1,79.854
506384,5982532,61.9,78.88
506520,5982396,60.3,78.88
506640,5982276,60.0,79.854
506640,5982276,61.5,78.393
504992,5983924,60.9,78.88
504872,5984044,60.9,79.854
506384,5982532,60.0,78.88
506016,5982900,61.5,79.854
506000,5982912,59.0,78.88
507012,5981904,60.9,77.906
506636,5982280,60.9,78.393
506640,5982280,59.7,78.88
507652,5981272,61.5,77.906
507148,5981776,60.3,78.393
507148,5981776,62.5,78.88
504864,5983036,61.5,78.88
504468,5983436,60.9,78.88
504324,5983568,63.5,78.393
504828,5983064,62.1,78.393
504576,5983316,59.4,78.393
504828,5983064,62.1,79.367
504828,5983064,60.9,78.88
504572,5983316,60.3,79.367
504828,5983064,61.9,78.393
504576,5983316,60.3,78.88
504324,5983568,60.3,78.88
505580,5982308,58.7,78.88
505080,5982812,61.5,78.88
505168,5982724,60.3,78.88
504828,5983064,58.7,78.88
505964,5982812,60.3,77.906
505772,5983064,60.3,80.341
505916,5983064,61.5,78.393
504788,5984188,60.0,79.854
504772,5984200,60.3,79.854
504656,5984324,60.6,79.367
504656,5984324,59.4,79.367
503908,5985080,60.9,79.854
505172,5983820,60.3,78.88
504924,5984072,58.7,79.854
504424,5984576,60.9,78.88
504428,5984576,60.0,78.393
504148,5984828,60.9,78.88
504144,5984828,60.9,79.367
504140,5984828,60.9,78.393
504640,5984324,60.0,79.367
504236,5984724,59.4,79.854
505136,5983820,60.0,79.854
504892,5983064,60.0,79.367
504636,5983316,58.7,79.854
504884,5983064,60.9,78.393
504388,5983568,60.3,79.367
504388,5983568,60.9,78.88
504388,5983568,60.3,78.88
504388,5983568,60.0,79.367
504520,5983432,60.6,78.88
504516,5983432,60.3,79.367
504248,5983696,58.7,79.367
502980,5984968,59.7,79.854
505000,5982952,60.3,78.88
504908,5983048,60.3,79.854
503640,5984320,60.9,79.854
504408,5984576,58.7,79.367
504156,5984828,60.3,78.393
506424,5982560,60.9,78.88
506172,5982812,60.9,79.367
506172,5982812,61.5,78.88
506156,5982812,60.9,78.88
504640,5984324,60.3,78.88
506148,5982812,60.3,78.393
505892,5983064,60.3,79.367
505144,5978028,62.8,78.88
505140,5978028,59.7,78.393
505120,5978028,59.4,79.367
505120,5978028,60.9,78.393
504868,5978280,60.3,77.906
504612,5978532,60.0,78.393
504868,5978280,61.5,79.367
504616,5978532,59.0,79.854
504612,5978532,61.2,79.367
504608,5978532,60.9,79.367
504976,5977272,60.6,79.367
504720,5977524,60.9,78.88
504820,5977420,59.4,79.367
504460,5977776,60.3,79.367
504348,5977776,62.1,78.393
507412,5977524,61.5,80.341
507460,5977524,60.9,79.367
507460,5977524,60.3,79.854
506552,5978428,60.0,78.88
506200,5978784,59.1,79.854
506200,5978784,61.3,78.88
506200,5978784,60.9,80.341
505696,5979288,58.7,79.854
505196,5979792,61.3,79.854
505452,5979540,60.9,79.854
507220,5977776,59.4,79.854
506956,5978028,61.5,80.828
505188,5979792,58.7,79.854
506176,5979688,60.9,79.854
506216,5979792,60.9,79.854
506320,5979688,60.3,80.828
506464,5979540,60.7,80.341
506464,5979540,60.3,78.88
506712,5979288,61.5,79.854
505816,5980176,59.7,78.88
506452,5979540,62.5,80.341
505444,5980548,60.9,79.367
505192,5980800,60.9,79.854
504940,5981052,60.9,79.367
505964,5980028,59.4,79.854
504936,5981052,60.3,79.854
504932,5981052,58.1,79.367
504436,5981556,61.5,79.854
504420,5980548,61.5,78.88
504168,5980800,60.0,79.854
504924,5980044,60.9,79.367
504672,5980296,58.7,79.367
504420,5980548,60.3,79.367
504676,5980296,60.3,78.88
504676,5980296,60.6,79.854
504672,5980296,60.0,79.367
504676,5980296,59.7,79.854
504672,5980296,60.9,79.854
504920,5980044,59.7,79.367
506680,5978280,61.5,78.393
506676,5978280,60.9,78.88
506672,5978280,58.7,79.854
506552,5978396,59.7,79.854
506692,5978280,60.3,79.854
507212,5978784,60.9,78.88
507472,5978532,60.6,78.88
507220,5978784,60.3,79.367
505452,5980548,58.7,79.854
504436,5981556,60.9,80.341
504188,5981808,60.6,80.828
504580,5981420,61.5,79.854
504328,5981672,60.3,79.367
504576,5981420,60.0,80.828
504820,5981180,61.5,79.854
504820,5981180,61.5,78.88
504800,5981200,60.3,79.854
504444,5981556,60.9,80.341
504696,5981304,60.3,78.88
504692,5981304,60.6,79.367
505192,5980800,58.7,78.88
504936,5981052,60.3,79.854
504932,5980044,58.7,79.367
504432,5980548,61.5,79.367
504792,5980192,60.9,79.367
504440,5980548,59.4,78.88
504948,5980044,60.3,79.854
504700,5980296,60.3,79.854
504704,5980296,60.9,79.854
504528,5980444,60.3,79.367
504264,5980696,60.6,79.854
504408,5980548,60.0,78.88
504404,5980548,61.3,79.854
504400,5980548,59.4,79.854
504396,5980548,60.3,79.854
504420,5980548,59.7,78.88
505308,5980548,61.5,79.854
504684,5981304,58.1,78.88
504784,5981200,60.9,79.367
504436,5981556,59.4,80.341
504436,5981556,61.5,79.854
504436,5981556,61.5,79.367
504684,5981304,58.7,79.367
504688,5981304,60.9,79.367
504436,5981556,60.3,80.341
504688,5981304,60.0,79.367
504684,5981304,60.3,79.367
504940,5981052,59.4,79.367
505072,5980916,59.4,79.367
504804,5981180,60.9,79.854
504936,5981044,59.7,78.393
504920,5981056,60.9,80.341
505064,5980908,60.9,80.341
504688,5981304,59.4,80.341
504940,5981052,60.9,79.367
504672,5980296,60.6,79.854
505176,5979792,62.5,78.88
504924,5980044,60.6,79.367
505176,5979792,60.3,80.828
506688,5978280,59.7,80.341
507196,5977776,59.7,79.367
506936,5978040,62.5,79.367
506792,5978188,60.9,78.88
506532,5978452,60.9,79.367
506524,5978464,61.3,79.854
506528,5978464,61.2,79.854
506436,5978532,61.9,79.367
506688,5978280,59.7,78.88
506684,5978280,58.7,79.854
506184,5978784,59.7,78.88
507448,5977524,60.3,78.88
507216,5977760,61.5,79.367
506940,5978028,60.3,80.341
505172,5979792,60.9,79.854
506932,5978916,60.3,79.367
506720,5979272,60.3,80.341
507724,5978264,60.9,79.367
506832,5979152,59.4,79.367
506976,5979004,60.9,79.367
505936,5980044,60.0,79.854
505940,5980044,60.9,80.341
505940,5980044,60.3,79.854
505684,5980296,60.0,79.367
505428,5980548,58.7,79.854
504932,5981052,60.3,79.854
505184,5980800,60.9,79.854
506368,5982428,59.7,79.854
506624,5982312,61.5,79.854
504976,5983068,59.4,78.88
504824,5983216,60.0,79.367
504336,5983572,62.1,79.854
504688,5983216,60.0,79.367
504836,5983068,61.5,78.88
504588,5983320,59.7,80.341
504948,5982964,59.4,80.341
504592,5983320,60.9,79.854
504596,5983320,59.4,80.341
504576,5983320,60.3,78.88
504712,5983184,60.9,79.854
504700,5983196,59.7,79.367
504588,5983312,59.7,79.854
504724,5983176,60.3,79.367
504708,5983188,59.7,78.88
504964,5982936,59.7,79.367
505080,5982816,60.3,79.367
505600,5983320,61.5,79.854
505600,5983320,62.7,80.341
505348,5983572,60.9,79.367
504084,5984832,60.3,79.367
504340,5984580,60.9,79.854
504084,5984832,60.3,79.367
504216,5984696,60.9,79.367
504200,5984708,61.9,80.828
503932,5984972,60.0,80.341
504172,5984728,60.9,79.367
504156,5984740,60.3,80.341
504332,5984580,61.3,80.828
505844,5983068,60.3,79.367
505844,5983068,60.0,79.367
505844,5983068,59.4,80.341
506096,5982816,62.5,79.367
505828,5982060,60.9,80.828
505576,5982312,59.4,80.828
505680,5982208,60.3,80.341
505584,5982312,60.9,80.341
505076,5982816,59.1,80.341
505332,5982564,60.9,79.854
505080,5982816,59.4,79.854
505332,5982564,60.3,80.341
505076,5982816,60.9,79.367
505324,5982564,58.7,79.854
504816,5983068,60.3,80.341
504812,5983068,60.6,80.341
504556,5983320,60.3,79.367
504804,5983068,60.3,79.854
504828,5983068,61.5,79.854
505604,5983184,59.4,80.828
505976,5982944,59.7,79.367
505724,5983196,59.7,79.854
504448,5984468,58.7,80.341
504444,5984468,60.3,80.341
503836,5985084,58.5,80.341
504088,5984832,60.9,79.854
503832,5985084,60.3,80.341
504352,5984564,60.3,80.341
504204,5984712,60.6,79.854
504588,5984328,60.3,79.367
504592,5984328,59.7,80.828
504976,5983940,60.3,79.367
504708,5984204,58.7,79.854
504704,5984204,60.9,80.828
504688,5984216,59.4,80.341
504696,5984216,61.9,79.854
504604,5984328,59.4,80.341
504588,5983320,62.1,79.854
504588,5983320,59.7,81.315
504588,5983320,60.9,78.88
504724,5983184,59.0,79.854
504896,5982944,59.4,79.854
504780,5983060,60.9,80.341
505020,5982816,60.3,80.341
504764,5983068,59.0,80.341
504756,5983068,59.4,80.828
505004,5982816,60.3,80.828
504600,5983216,60.3,80.341
504492,5983320,60.6,79.854
504768,5983068,60.3,79.854
505656,5983068,62.1,79.854
505792,5983068,60.3,79.854
505540,5983320,60.9,79.854
505792,5983068,58.7,79.854
505792,5983068,60.3,79.854
505792,5983068,59.7,79.367
505792,5983068,60.3,80.341
505792,5983068,60.3,80.828
505792,5983068,61.3,80.828
505792,5983068,60.3,80.341
505792,5983068,59.7,80.341
507556,5981304,60.7,80.341
507300,5981556,60.3,79.854
507540,5981304,60.3,79.367
507284,5981556,61.3,79.854
507384,5981452,60.9,79.367
507528,5981304,60.9,80.341
507272,5981556,60.7,79.367
507400,5981452,60.3,81.315
507152,5981704,59.7,80.341
506280,5981556,61.5,80.341
505796,5982044,60.7,79.854
506536,5981304,60.0,80.828
506676,5981168,60.9,79.854
507380,5980444,61.3,80.341
507528,5980296,60.9,80.828
507276,5980548,60.9,81.315
506772,5981052,60.9,80.828
505004,5982816,60.3,80.341
505504,5982312,59.4,79.854
504520,5983304,60.9,80.341
505256,5982564,60.3,79.367
505640,5982176,61.9,79.367
505624,5982188,60.3,80.828
505356,5982452,60.3,79.854
505340,5982464,60.3,79.854
504064,5983736,61.5,81.315
503752,5984076,60.3,79.854
506036,5982816,60.0,79.854
505888,5982964,60.0,80.341
505636,5983216,60.3,80.828
505636,5983216,60.9,81.315
505620,5983232,60.3,80.341
504244,5984592,60.9,79.854
505504,5983332,60.3,81.315
505640,5983196,60.9,80.828
505640,5983196,61.3,80.341
504380,5984456,61.5,79.854
504368,5984468,61.5,80.341
503992,5984844,61.5,79.854
504096,5984740,60.3,80.828
504244,5984592,62.1,79.367
502728,5986104,59.4,78.88
504608,5983332,59.4,80.828
504244,5983568,59.7,81.315
503724,5984088,60.9,79.367
503988,5983820,60.6,80.341
503716,5984088,58.7,80.341
504216,5983584,60.6,79.854
505724,5982072,59.7,79.367
505216,5982576,60.9,80.341
504960,5982828,59.4,80.341
504848,5982960,60.6,80.341
504732,5983080,60.3,79.854
504732,5983080,61.5,81.802
504732,5983080,59.4,79.854
504480,5983332,61.5,80.341
504732,5983080,58.7,81.315
505488,5982324,60.9,80.828
507772,5981064,60.3,80.341
506632,5982204,60.6,80.828
506884,5981952,59.7,81.315
506780,5982056,60.0,79.854
505552,5977288,62.0,80.341
505300,5977540,61.5,79.367
506560,5976280,60.3,80.828
505420,5977420,59.7,80.828
505552,5977288,60.3,79.367
506812,5976028,60.3,80.341
507436,5975404,61.3,81.315
507688,5975152,60.3,80.828
507324,5975524,62.1,80.828
508588,5974264,60.0,80.828
506820,5976028,61.5,80.341
505060,5977792,60.3,79.854
505684,5977168,59.4,80.828
505556,5976264,61.5,80.828
505540,5976280,60.9,79.854
506684,5978044,60.9,80.828
506432,5978296,58.7,80.341
506684,5978044,61.5,79.367
506684,5978044,60.9,81.315
505172,5979556,60.6,80.828
505172,5979556,60.9,79.854
505176,5979556,60.3,80.341
504924,5979808,59.4,80.828
506184,5978548,59.4,79.854
505960,5978784,60.9,79.854
505440,5979304,60.9,79.854
505900,5978828,60.9,81.315
506120,5979496,60.7,80.341
505916,5979836,59.1,80.341
505664,5980088,60.9,79.367
506168,5979584,61.5,80.828
505916,5979836,60.9,79.854
504908,5980844,60.0,79.367
504144,5981600,60.3,80.341
504144,5981600,61.3,81.315
503892,5981852,60.0,79.854
503388,5982356,60.9,80.828
503388,5982356,59.7,79.367
504900,5980844,60.6,79.854
503408,5982356,60.3,80.341
504672,5981096,59.7,79.854
504676,5981096,61.5,80.828
506444,5979332,60.0,79.854
506716,5979064,60.3,81.315
506704,5979080,60.9,80.828
506680,5979080,58.7,79.854
505660,5979080,61.5,80.828
505916,5978828,61.9,80.828
505668,5979080,60.3,80.341
505924,5978828,60.9,80.828
505676,5979080,61.5,79.854
505904,5978828,58.1,80.341
505908,5978828,60.6,80.828
505672,5979064,61.5,79.854
505656,5979080,59.4,81.315
505404,5979332,60.9,79.854
505588,5979212,60.9,80.341
505736,5979064,58.7,80.828
505720,5979080,61.5,79.854
505720,5979080,60.3,80.341
505824,5978976,59.4,79.854
505976,5978828,61.2,81.802
505976,5978828,60.0,81.315
505724,5979080,60.3,80.341
507000,5978692,60.3,80.341
505620,5980204,60.0,80.341
505360,5980468,60.3,80.341
505600,5980228,58.7,80.341
505336,5980492,59.7,79.854
505236,5980592,60.0,79.854
505232,5980592,60.6,80.828
505228,5980592,60.3,81.315
505476,5980340,60.6,80.341
505472,5980340,59.4,79.367
505468,5980340,60.3,80.341
505464,5980340,60.9,80.828
504976,5980844,58.5,80.341
504980,5980844,61.5,79.854
504728,5981096,60.9,80.828
504592,5980340,60.0,80.341
504840,5980088,59.4,79.854
504712,5980088,60.9,79.854
504456,5980340,60.9,81.315
504704,5980088,59.7,79.367
504952,5979836,60.9,80.828
505200,5979584,60.0,79.854
504692,5980088,60.0,80.828
504692,5980088,61.5,81.315
504704,5980088,60.9,80.341
505060,5979732,59.4,80.828
504448,5980340,60.3,79.367
505816,5978976,60.3,80.341
505964,5978828,60.0,79.854
505964,5978828,61.5,79.854
505596,5979196,60.3,81.315
506868,5978812,57.8,79.854
506480,5979332,60.6,79.854
506872,5978944,60.9,80.828
505616,5980200,60.3,80.341
505720,5980096,60.0,81.315
504720,5981096,60.9,80.341
504468,5981348,59.7,80.828
505728,5980088,60.3,80.828
505744,5980072,59.7,79.854
505224,5980592,59.4,80.341
504968,5980844,60.9,80.341
504972,5980844,60.3,81.315
504716,5981096,60.3,80.341
504964,5980844,60.3,81.315
504960,5980844,60.9,79.854
504704,5981096,59.4,79.854
504204,5981600,60.9,79.854
504824,5980088,60.6,80.341
504704,5980088,62.5,80.341
504700,5980088,58.7,80.341
503436,5981348,60.3,80.828
502928,5981852,58.7,79.854
504940,5979836,60.9,79.367
504684,5980088,57.7,80.341
504956,5979836,61.5,80.341
504804,5979984,57.1,79.854
504444,5980340,60.9,80.341
504944,5979836,58.1,81.315
504704,5980088,58.7,80.341
504448,5980340,60.0,79.854
504452,5980340,60.0,79.854
505596,5980088,61.3,81.315
505480,5980340,60.9,80.341
505836,5979984,60.9,79.854
504472,5981348,60.9,81.315
503460,5982356,59.4,80.341
503180,5982620,60.6,79.854
503536,5982264,60.3,80.828
502924,5982872,58.7,80.341
503180,5982620,59.7,79.854
502928,5982872,59.4,80.828
502684,5983124,60.6,80.341
502940,5982872,59.7,80.828
502748,5983036,59.1,80.828
504580,5984144,60.0,80.828
503152,5985568,58.1,80.341
503372,5985328,59.1,80.341
502748,5985932,60.9,79.854
503084,5985592,60.0,79.367
503072,5985604,60.3,80.828
502972,5984696,60.9,80.828
503076,5984592,60.6,80.828
502968,5984696,60.3,79.854
503320,5984340,60.9,80.341
502956,5984696,59.4,81.315
502812,5984844,58.7,80.341
502708,5984948,60.9,80.828
502704,5984948,58.5,80.341
502960,5984696,61.9,80.341
503212,5984444,59.4,81.315
503212,5984444,60.9,80.828
503212,5984444,59.7,80.828
502960,5984696,60.9,81.315
502992,5984696,61.5,80.828
503492,5984192,59.4,80.828
503488,5984192,59.1,80.828
503244,5984444,61.9,79.854
503244,5984444,60.3,80.828
503496,5984192,59.7,80.341
505896,5982680,62.1,80.828
505900,5982680,61.5,81.315
506780,5981804,61.9,80.828
506772,5981816,60.3,79.854
506536,5982176,59.4,80.828
507040,5981672,60.0,80.828
506804,5981908,60.3,80.828
506404,5982308,60.9,80.828
507544,5981168,60.3,80.828
507292,5981420,60.3,80.828
507544,5981168,61.3,80.341
506656,5982056,59.4,81.802
506804,5981908,59.7,81.315
506788,5981924,59.7,80.828
506404,5981420,60.0,79.854
507764,5980056,60.3,80.341
507152,5980664,60.0,80.828
506792,5980900,59.4,80.341
506520,5981168,60.3,80.828
505264,5982428,61.5,79.854
505008,5982680,57.8,80.828
504644,5983048,60.9,81.315
504892,5982796,61.8,80.341
506524,5981168,57.6,81.315
505148,5982544,60.9,80.828
505524,5982172,59.7,80.828
505632,5982068,61.5,80.828
505632,5982068,60.3,80.828
506288,5981420,59.7,80.828
506020,5981672,60.9,80.341
506284,5981404,59.4,80.341
506428,5982144,60.0,80.828
506304,5982412,60.3,80.828
506064,5982648,58.7,80.341
506044,5982664,60.9,81.315
506144,5982560,60.3,80.828
506036,5982680,60.6,81.315
505024,5983688,59.4,80.341
505524,5983184,59.4,81.802
505624,5983080,60.3,80.828
505024,5983688,59.4,81.315
505268,5983436,60.9,79.854
506532,5982176,60.0,80.828
506296,5982412,60.3,80.341
505776,5982932,58.7,80.341
507288,5981420,60.3,80.828
506784,5981924,60.9,80.828
506028,5981656,62.5,79.854
506296,5981404,59.7,79.367
505268,5982428,60.0,80.341
504764,5982932,60.0,81.315
504508,5983184,60.0,80.341
504772,5982932,60.6,80.341
504268,5983436,60.0,80.341
504268,5983436,62.1,80.341
504400,5983300,60.3,81.802
504400,5983312,59.4,81.315
504148,5983576,60.9,80.828
504384,5983336,59.4,80.828
504412,5983304,60.3,79.854
504300,5983436,59.4,80.828
504548,5983184,60.9,80.341
506836,5981924,60.6,81.802
507108,5981656,59.4,79.854
506840,5981924,60.3,81.315
505448,5983316,60.6,80.828
505856,5982916,60.6,81.315
505312,5983436,60.0,81.315
505060,5983688,60.9,80.341
504808,5983940,59.4,81.315
504068,5984696,59.7,80.828
504068,5984696,60.9,80.828
503816,5984948,59.1,80.828
504048,5984696,60.0,81.802
503792,5984948,60.3,80.828
503788,5984948,61.2,81.315
505296,5983436,60.3,79.854
505040,5983688,59.1,80.341
505288,5983436,59.7,79.854
505060,5983688,59.7,80.341
505652,5982072,59.1,79.854
505544,5982176,60.6,80.828
505900,5981820,60.0,81.315
505536,5982176,60.6,80.341
504796,5982916,59.4,79.367
504780,5982932,60.9,80.341
504528,5983184,60.9,81.315
504884,5982828,62.5,80.828
504524,5983184,59.4,80.341
504024,5983688,60.0,79.854
503520,5984192,60.9,80.828
503268,5984444,61.5,80.341
503652,5984948,61.5,80.828
504296,5984444,60.3,80.828
503288,5985452,60.6,82.289
502792,5985956,60.0,81.315
502880,5985868,61.9,80.341
502724,5985980,58.7,80.828
502720,5985980,62.1,80.341
502804,5985892,61.5,80.828
502432,5986244,60.6,80.828
502428,5986244,60.9,80.828
503180,5985488,60.0,80.828
502964,5985740,59.4,80.828
503216,5985488,60.0,80.828
503604,5985100,61.5,80.341
505368,5983336,60.9,81.315
505104,5983600,59.7,80.341
505344,5983360,60.0,80.828
505084,5983620,60.3,81.802
504724,5983976,59.1,81.315
504828,5983872,60.0,80.828
504848,5983872,59.7,80.341
504964,5982864,57.8,82.289
504728,5982968,61.5,81.315
504728,5982968,60.6,80.341
503216,5984480,60.3,80.341
503212,5984480,58.2,81.315
502712,5984984,60.0,80.341
502816,5984880,60.3,80.828
502712,5984984,61.5,80.828
502964,5984732,61.2,79.854
502712,5984984,60.9,81.802
502960,5984732,59.4,81.315
503060,5984628,60.9,80.341
503212,5984480,59.4,79.367
502712,5984984,59.1,80.341
502960,5984732,58.8,80.341
503216,5984480,60.0,79.367
504240,5979192,65.9,81.315
504744,5978688,60.3,80.828
504492,5978940,60.3,80.828
504492,5978940,59.0,81.315
504492,5978940,60.0,80.828
504240,5979192,59.4,80.828
503232,5980200,60.3,81.315
502980,5980452,60.9,80.828
503232,5980200,60.0,80.828
502980,5980452,60.6,80.828
503232,5980200,59.4,80.828
503084,5980348,60.3,81.315
505196,5980452,61.5,79.854
505408,5980348,59.7,80.828
505556,5980200,60.3,80.341
505744,5979948,60.3,81.315
505744,5979948,59.4,80.828
503816,5980852,60.3,80.828
502960,5981712,61.5,81.315
504980,5979696,60.3,80.828
504728,5979952,60.3,81.802
504732,5979952,59.4,80.828
504484,5980204,60.3,80.341
504716,5979952,59.1,80.341
504720,5979952,62.5,80.341
504860,5979816,60.0,80.828
504996,5979680,60.3,80.828
504744,5979932,61.3,81.315
504984,5979692,59.7,80.341
504868,5979808,60.0,81.315
504976,5979700,61.2,80.828
504304,5981256,58.8,79.367
504088,5981612,59.7,80.341
503836,5981864,60.9,79.367
503984,5981716,60.0,81.315
503224,5982472,58.8,82.289
503228,5982472,60.0,80.341
503220,5982472,59.7,81.315
503472,5982220,60.3,79.854
503472,5982220,60.6,80.828
503220,5982472,60.3,79.854
503472,5982220,59.7,80.828
503220,5982472,60.3,79.854
503068,5982620,59.1,81.802
502960,5982724,58.5,80.828
503324,5982368,60.9,80.341
502964,5982724,56.3,79.854
502816,5982872,60.0,81.315
502708,5982976,61.5,81.802
504572,5981108,56.9,80.341
504584,5980204,60.6,80.341
504432,5980352,60.0,81.315
504324,5980456,59.7,80.828
504320,5980456,60.3,80.828
504568,5980204,59.4,80.828
504460,5980204,60.3,80.341
504464,5980204,60.9,81.315
504720,5979952,60.0,81.315
504468,5980204,58.0,81.315
504720,5979952,60.0,81.315
504480,5980204,58.5,81.802
504452,5980204,59.4,80.341
504448,5980204,57.6,81.315
504456,5980204,61.9,79.854
504456,5980204,58.8,81.315
504560,5980100,60.3,80.341
504708,5979952,60.3,80.341
504956,5979700,57.7,80.828
505440,5980100,62.5,81.802
505480,5980204,58.7,81.315
505728,5979952,60.6,81.315
504968,5980708,59.1,81.315
504728,5980960,60.6,80.828
506492,5979196,59.7,80.828
504864,5980824,58.8,81.315
504596,5981088,58.7,81.802
504592,5981100,60.0,80.828
504580,5981112,62.1,80.341
504564,5981124,59.4,80.828
504732,5980960,59.7,80.341
503984,5981716,60.3,80.341
503480,5982220,60.6,81.315
503728,5981968,60.0,81.315
503316,5981360,60.3,81.315
503464,5981212,61.2,80.828
505228,5979448,60.0,81.315
505480,5979196,61.5,80.341
505228,5979448,60.3,81.315
503716,5980960,60.0,80.341
503708,5980960,59.1,81.315
503208,5981464,60.3,80.341
503060,5981612,60.9,80.828
502960,5981716,60.9,80.341
502964,5981716,60.3,81.315
503216,5981464,60.0,80.828
502964,5981716,60.0,81.315
503068,5981612,60.6,80.828
503208,5981464,60.6,80.828
504092,5981464,59.4,80.828
504088,5981464,60.9,79.854
504232,5981464,60.6,80.828
504228,5981464,61.9,79.854
503972,5981716,59.1,81.315
504336,5981360,60.0,81.802
503192,5982500,61.6,81.315
502944,5982752,60.3,80.828
502944,5982752,60.9,81.315
504708,5980988,59.4,79.367
504540,5981156,60.0,81.802
504456,5981240,59.4,81.315
504452,5981240,60.0,81.315
504440,5981240,60.3,80.828
504448,5981240,60.0,81.315
504448,5981240,61.5,81.802
505456,5980232,61.3,81.315
503692,5981996,60.3,80.341
503304,5981492,60.3,81.802
503552,5981240,59.7,80.828
503548,5981240,60.9,81.802
505056,5979728,60.9,81.315
504800,5979980,59.7,80.828
504796,5979980,60.9,80.828
504936,5979728,59.1,81.315
504936,5979728,59.1,81.802
504932,5979728,60.0,81.802
504928,5979728,59.7,81.315
504936,5979728,60.9,80.828
506700,5977964,60.3,80.828
506700,5977964,59.4,80.341
507440,5978112,62.1,80.341
507472,5978216,60.3,80.341
506332,5979356,61.5,80.828
506732,5978956,60.3,81.315
506460,5979224,60.3,80.341
506216,5979476,60.0,80.341
503772,5984728,62.5,81.315
503664,5984980,60.0,81.315
503156,5985484,60.6,79.854
503152,5985484,60.6,79.854
502644,5985988,60.9,82.289
504080,5984564,60.9,80.828
504092,5984548,61.5,80.828
503568,5985068,60.0,81.315
503816,5984816,60.0,80.341
503828,5984800,59.1,80.341
504060,5984564,60.6,81.315
503828,5984816,58.1,81.315
503828,5984816,61.2,80.341
504080,5984564,60.0,80.828
504568,5983052,58.2,80.828
504568,5983052,61.5,80.341
503808,5983808,60.0,81.315
503812,5983808,59.1,80.341
503616,5984060,61.5,80.341
503612,5984060,59.1,80.828
503356,5984312,59.1,81.315
504476,5983200,60.3,80.828
504968,5982708,60.0,80.828
504956,5982720,59.4,80.828
504368,5983304,61.2,81.802
504364,5983304,59.1,81.802
504360,5983304,60.9,80.828
504356,5983304,59.7,81.315
504352,5983304,60.6,81.315
504600,5983052,59.4,81.315
504620,5983052,60.9,80.828
504748,5983808,60.0,79.854
504776,5983924,58.2,80.828
505148,5983552,61.9,80.828
505016,5983700,60.6,80.341
505268,5983448,60.0,80.828
505160,5983556,60.0,80.828
505156,5983556,59.7,81.315
505160,5983556,60.9,80.828
505408,5983304,60.0,81.315
504152,5984564,58.5,79.854
503900,5984816,60.0,80.828
503396,5985320,61.9,80.828
503496,5985216,58.6,80.828
503640,5985068,60.0,80.828
503636,5985068,57.6,80.828
503736,5984980,60.9,80.341
503736,5984072,60.0,80.828
503856,5983820,60.0,81.315
503600,5984072,59.4,80.828
503604,5984072,60.6,80.828
503604,5984072,60.9,81.315
503604,5984072,59.4,81.315
503852,5983820,60.3,81.315
503848,5983820,60.3,81.315
504100,5983568,60.3,80.828
504100,5983568,60.3,81.802
504096,5983568,59.4,81.315
503596,5984072,59.1,79.854
505464,5982204,61.5,80.828
504368,5983300,60.9,80.341
504352,5983316,60.3,81.315
504740,5983816,60.9,80.341
504740,5983816,60.9,80.341
505260,5983444,59.7,81.315
505748,5982956,60.0,82.289
505988,5982716,60.6,82.289
505644,5983064,60.9,80.341
505896,5982812,59.4,81.315
505748,5982960,60.9,81.315
505388,5983316,60.0,80.828
505640,5983064,60.6,81.802
507108,5981596,59.7,81.315
506648,5982056,60.0,81.802
506916,5981788,60.9,81.315
507228,5981476,59.1,81.315
506644,5982056,60.9,81.315
507904,5980796,60.3,80.828
506656,5982040,57.8,81.315
506644,5982056,60.6,81.315
506880,5980796,60.3,80.341
505872,5981804,60.0,80.341
506628,5981048,60.6,81.315
507400,5980276,60.0,81.315
506392,5981284,60.6,79.854
505384,5982292,59.4,81.802
505120,5982556,61.2,80.341
504968,5982708,60.9,81.802
504704,5982972,60.9,81.802
504704,5982972,61.5,82.289
506220,5981460,60.3,81.315
506508,5981176,60.9,81.315
507116,5981448,59.1,80.828
505640,5983064,60.0,81.802
507152,5981552,60.9,80.828
506900,5981804,61.3,80.341
506012,5982692,61.5,81.802
506900,5981804,59.4,80.828
507164,5981536,61.2,80.828
506404,5982292,61.5,81.802
506388,5982304,60.6,81.315
505124,5983564,60.0,80.828
506376,5982308,60.6,80.828
505892,5982812,60.0,81.315
505392,5983316,62.1,81.315
